#node	identifier	node_degree
ABCA3	9606.ENSP00000301732	5
ABCA4	9606.ENSP00000359245	9
ABCC6	9606.ENSP00000205557	2
ABCD4	9606.ENSP00000349396	4
ABCG1	9606.ENSP00000354995	7
ABL2	9606.ENSP00000427562	8
ABRAXAS1	9606.ENSP00000369857	8
ACAD9	9606.ENSP00000312618	16
ACHE	9606.ENSP00000303211	12
ACP4	9606.ENSP00000270593	1
ACSBG2	9606.ENSP00000465589	6
ACSM1	9606.ENSP00000301956	5
ACSM3	9606.ENSP00000289416	9
ACTA2	9606.ENSP00000224784	18
ADAD2	9606.ENSP00000268624	0
ADAM20	9606.ENSP00000498512	0
ADAMTS1	9606.ENSP00000284984	8
ADAMTS13	9606.ENSP00000360997	7
ADGRE5	9606.ENSP00000242786	3
ADGRG4	9606.ENSP00000377699	0
AFF1	9606.ENSP00000378578	8
AFG1L	9606.ENSP00000357973	2
AFP	9606.ENSP00000379138	13
AGBL4	9606.ENSP00000360905	1
AGO4	9606.ENSP00000362306	15
AGXT	9606.ENSP00000302620	19
AHDC1	9606.ENSP00000363123	1
AHNAK2	9606.ENSP00000353114	3
AIF1L	9606.ENSP00000361383	0
AK2	9606.ENSP00000499935	16
AKAP9	9606.ENSP00000348573	14
AKIRIN1	9606.ENSP00000392678	0
AKNA	9606.ENSP00000303769	2
ALDH1A2	9606.ENSP00000249750	10
ALDH1L2	9606.ENSP00000258494	2
ALDH4A1	9606.ENSP00000364490	12
ALDH7A1	9606.ENSP00000387123	16
ALDH9A1	9606.ENSP00000346827	11
ALG12	9606.ENSP00000333813	6
ALG1L	9606.ENSP00000482705	1
ALG1L2	9606.ENSP00000479850	1
ALK	9606.ENSP00000373700	24
ALKBH7	9606.ENSP00000245812	1
ALPP	9606.ENSP00000375881	3
ALS2	9606.ENSP00000264276	1
AMER2	9606.ENSP00000426528	3
AMZ1	9606.ENSP00000308149	3
AMZ2	9606.ENSP00000464635	0
ANAPC1	9606.ENSP00000339109	11
ANAPC4	9606.ENSP00000426654	10
ANK1	9606.ENSP00000265709	41
ANK3	9606.ENSP00000280772	43
ANKRD53	9606.ENSP00000353796	1
ANKS1B	9606.ENSP00000449629	3
ANO3	9606.ENSP00000256737	2
ANPEP	9606.ENSP00000300060	14
ANXA13	9606.ENSP00000262219	0
AP2B1	9606.ENSP00000483185	22
APAF1	9606.ENSP00000448165	9
APOBEC3A	9606.ENSP00000384359	5
APOBR	9606.ENSP00000457539	9
ARHGAP10	9606.ENSP00000336923	1
ARHGAP18	9606.ENSP00000357131	1
ARHGAP29	9606.ENSP00000260526	2
ARHGEF19	9606.ENSP00000270747	1
ARHGEF4	9606.ENSP00000316845	7
ARID1B	9606.ENSP00000490491	16
ARL8B	9606.ENSP00000479202	7
ARL9	9606.ENSP00000492671	2
ARMC9	9606.ENSP00000484804	0
ARMH4	9606.ENSP00000267485	0
ARPC1B	9606.ENSP00000389631	6
ARSA	9606.ENSP00000216124	5
ART3	9606.ENSP00000348064	2
ASAP3	9606.ENSP00000338769	0
ASB3	9606.ENSP00000499751	4
ASGR2	9606.ENSP00000347140	0
ASIC2	9606.ENSP00000225823	4
ASMT	9606.ENSP00000370639	2
ASPHD2	9606.ENSP00000215906	1
ATAD3C	9606.ENSP00000368062	1
ATG14	9606.ENSP00000247178	16
ATG16L1	9606.ENSP00000375873	13
ATG9B	9606.ENSP00000491504	5
ATL1	9606.ENSP00000351155	1
ATP11C	9606.ENSP00000332756	2
ATP5MD	9606.ENSP00000358840	5
ATP7B	9606.ENSP00000242839	4
ATXN1	9606.ENSP00000244769	10
ATXN7L3	9606.ENSP00000397259	8
AVPR1A	9606.ENSP00000299178	6
B3GALT5	9606.ENSP00000381699	0
B3GNTL1	9606.ENSP00000319979	4
B4E1Z4_HUMAN	9606.ENSP00000410815	1
B9D1	9606.ENSP00000261499	1
BABAM2	9606.ENSP00000343412	8
BACE2	9606.ENSP00000332979	8
BAZ2B	9606.ENSP00000376534	5
BCAN	9606.ENSP00000331210	13
BCAP29	9606.ENSP00000368414	0
BCO1	9606.ENSP00000258168	2
BDP1	9606.ENSP00000351575	8
BEND3	9606.ENSP00000411268	1
BICRA	9606.ENSP00000379946	6
BIN1	9606.ENSP00000316779	30
BIN2	9606.ENSP00000498807	5
BIN3	9606.ENSP00000276416	4
BLNK	9606.ENSP00000224337	13
BMP1	9606.ENSP00000305714	14
BPHL	9606.ENSP00000369739	0
BPIFA1	9606.ENSP00000346251	0
BRCA1	9606.ENSP00000418960	74
BRD9	9606.ENSP00000419765	8
BTAF1	9606.ENSP00000265990	10
C12orf40	9606.ENSP00000317671	1
C12orf45	9606.ENSP00000447057	0
C12orf66	9606.ENSP00000311486	4
C14orf180	9606.ENSP00000333041	1
C15orf39	9606.ENSP00000353854	1
C19orf48	9606.ENSP00000375688	0
C1orf122	9606.ENSP00000362133	1
C1orf53	9606.ENSP00000356363	0
C1orf94	9606.ENSP00000435634	2
C20orf27	9606.ENSP00000217195	0
C20orf96	9606.ENSP00000353470	2
C2CD2L	9606.ENSP00000338885	0
C4B	9606.ENSP00000415941	12
C5	9606.ENSP00000223642	9
C7	9606.ENSP00000322061	2
C9	9606.ENSP00000263408	7
CABYR	9606.ENSP00000483621	2
CACFD1	9606.ENSP00000440832	1
CACNA1F	9606.ENSP00000365441	18
CACNA1G	9606.ENSP00000352011	19
CACNA1I	9606.ENSP00000385019	11
CACNA2D3	9606.ENSP00000419101	12
CACNB2	9606.ENSP00000320025	24
CAMK1D	9606.ENSP00000478874	4
CAMK1G	9606.ENSP00000009105	3
CAMP	9606.ENSP00000296435	10
CAPN5	9606.ENSP00000498132	1
CAPN7	9606.ENSP00000253693	3
CAPN9	9606.ENSP00000271971	5
CAPNS2	9606.ENSP00000400882	6
CAPS	9606.ENSP00000498855	1
CARD11	9606.ENSP00000380150	13
CARMIL1	9606.ENSP00000331983	3
CARMIL3	9606.ENSP00000340467	0
CASP2	9606.ENSP00000312664	8
CASTOR3	9606.ENSP00000389760	2
CAT	9606.ENSP00000241052	6
CAV3	9606.ENSP00000341940	24
CBFA2T3	9606.ENSP00000268679	5
CBWD3	9606.ENSP00000353295	0
CC2D1B	9606.ENSP00000360642	5
CCAR2	9606.ENSP00000310670	10
CCDC150	9606.ENSP00000373827	0
CCDC159	9606.ENSP00000468232	1
CCDC40	9606.ENSP00000380679	8
CCDC74A	9606.ENSP00000295171	0
CCDC9	9606.ENSP00000221922	1
CCDC9B	9606.ENSP00000453969	0
CCL3L1	9606.ENSP00000480558	1
CCPG1	9606.ENSP00000403400	3
CCSER2	9606.ENSP00000361160	1
CD14	9606.ENSP00000385519	11
CD1C	9606.ENSP00000357152	20
CD200R1L	9606.ENSP00000381272	0
CD274	9606.ENSP00000370989	31
CD276	9606.ENSP00000320084	8
CD2AP	9606.ENSP00000352264	19
CD36	9606.ENSP00000415743	46
CD38	9606.ENSP00000226279	24
CDCA5	9606.ENSP00000275517	12
CDH1	9606.ENSP00000261769	80
CDH23	9606.ENSP00000224721	10
CDH26	9606.ENSP00000339390	2
CDK18	9606.ENSP00000423665	7
CDK20	9606.ENSP00000322343	4
CDRT1	9606.ENSP00000379242	2
CDRT4	9606.ENSP00000482523	2
CELA3B	9606.ENSP00000338369	2
CELF3	9606.ENSP00000290583	1
CELF5	9606.ENSP00000292672	1
CELSR2	9606.ENSP00000271332	1
CELSR3	9606.ENSP00000164024	0
CEP78	9606.ENSP00000365782	3
CERS3	9606.ENSP00000284382	4
CES1	9606.ENSP00000353720	4
CFAP47	9606.ENSP00000367922	6
CFAP74	9606.ENSP00000417061	4
CFTR	9606.ENSP00000003084	28
CGRRF1	9606.ENSP00000216420	1
CHAT	9606.ENSP00000337103	8
CHD1L	9606.ENSP00000358262	14
CHD9	9606.ENSP00000396345	8
CHDH	9606.ENSP00000319851	5
CHEK1	9606.ENSP00000391090	35
CHFR	9606.ENSP00000392395	7
CHODL	9606.ENSP00000299295	2
CHRDL2	9606.ENSP00000263671	2
CIB4	9606.ENSP00000288861	0
CIT	9606.ENSP00000376306	9
CLASP2	9606.ENSP00000327760	8
CLDN11	9606.ENSP00000064724	3
CLEC4D	9606.ENSP00000299665	0
CLHC1	9606.ENSP00000384869	5
CLIP1	9606.ENSP00000479322	13
CLN3	9606.ENSP00000454229	5
CNOT9	9606.ENSP00000486540	7
CNTFR	9606.ENSP00000368265	6
CNTN3	9606.ENSP00000263665	5
CNTN5	9606.ENSP00000435637	5
COL11A1	9606.ENSP00000359114	16
COL11A2	9606.ENSP00000363840	16
COL12A1	9606.ENSP00000325146	18
COL13A1	9606.ENSP00000381949	10
COL1A1	9606.ENSP00000225964	29
COL22A1	9606.ENSP00000303153	12
COL2A1	9606.ENSP00000369889	16
COL4A6	9606.ENSP00000378340	13
COL5A1	9606.ENSP00000360882	22
COL5A2	9606.ENSP00000364000	19
COMMD5	9606.ENSP00000394331	18
COMMD6	9606.ENSP00000348054	11
COP1	9606.ENSP00000356641	10
COQ3	9606.ENSP00000254759	4
COX6A2	9606.ENSP00000287490	15
CPAMD8	9606.ENSP00000498697	0
CPD	9606.ENSP00000225719	1
CPED1	9606.ENSP00000309772	0
CPN2	9606.ENSP00000319464	1
CPNE2	9606.ENSP00000290776	0
CPQ	9606.ENSP00000220763	1
CRABP2	9606.ENSP00000482841	5
CRACR2A	9606.ENSP00000409382	1
CRACR2B	9606.ENSP00000435299	2
CRAT	9606.ENSP00000315013	5
CRHR1	9606.ENSP00000381333	6
CRLS1	9606.ENSP00000368140	6
CROCC	9606.ENSP00000364691	6
CRYBB1	9606.ENSP00000497249	5
CRYZL1	9606.ENSP00000370966	0
CSH1	9606.ENSP00000316416	11
CSK	9606.ENSP00000220003	16
CSMD1	9606.ENSP00000489225	10
CSPG4	9606.ENSP00000312506	7
CTDNEP1	9606.ENSP00000460683	4
CTSB	9606.ENSP00000345672	12
CTTN	9606.ENSP00000365745	35
CUL7	9606.ENSP00000438788	46
CUX2	9606.ENSP00000261726	7
CWH43	9606.ENSP00000226432	1
CXCL11	9606.ENSP00000306884	10
CYP11A1	9606.ENSP00000268053	10
CYP21A2	9606.ENSP00000496625	9
CYP2A6	9606.ENSP00000301141	11
CYP2A7	9606.ENSP00000301146	3
CYP2B6	9606.ENSP00000324648	13
CYP2D6	9606.ENSP00000496150	13
CYP2S1	9606.ENSP00000308032	7
CYP4X1	9606.ENSP00000360968	7
DAAM2	9606.ENSP00000381876	3
DAB2IP	9606.ENSP00000259371	9
DAGLA	9606.ENSP00000257215	0
DAPK1	9606.ENSP00000386135	12
DCAF15	9606.ENSP00000254337	3
DDIT4	9606.ENSP00000307305	6
DDX11	9606.ENSP00000440402	14
DDX24	9606.ENSP00000481495	15
DDX39A	9606.ENSP00000242776	10
DDX39B	9606.ENSP00000416269	24
DDX3X	9606.ENSP00000494040	27
DEF8	9606.ENSP00000268676	1
DEGS2	9606.ENSP00000307126	3
DELE1	9606.ENSP00000396225	0
DENND3	9606.ENSP00000428714	1
DENND4C	9606.ENSP00000473469	1
DEPDC4	9606.ENSP00000396234	3
DERL3	9606.ENSP00000384744	5
DGKA	9606.ENSP00000377703	5
DGKI	9606.ENSP00000288490	6
DGLUCY	9606.ENSP00000428263	1
DIDO1	9606.ENSP00000266070	14
DIP2C	9606.ENSP00000280886	9
DKK4	9606.ENSP00000220812	3
DMXL1	9606.ENSP00000439479	5
DNAH11	9606.ENSP00000475939	8
DNAH17	9606.ENSP00000374490	9
DNAH3	9606.ENSP00000261383	7
DNAH8	9606.ENSP00000333363	12
DNAI2	9606.ENSP00000400252	7
DNASE1L1	9606.ENSP00000358824	0
DNMBP	9606.ENSP00000315659	6
DNMT1	9606.ENSP00000352516	39
DOCK1	9606.ENSP00000485033	14
DOCK4	9606.ENSP00000410746	29
DOT1L	9606.ENSP00000381657	20
DPF2	9606.ENSP00000252268	8
DRC1	9606.ENSP00000288710	8
DTX1	9606.ENSP00000257600	7
DUX4	9606.ENSP00000458065	6
EBF2	9606.ENSP00000430241	2
ECHDC2	9606.ENSP00000360577	12
EFCAB6	9606.ENSP00000262726	4
EFHC2	9606.ENSP00000404232	2
EIF2AK2	9606.ENSP00000233057	15
EIF6	9606.ENSP00000363559	20
ELAVL1	9606.ENSP00000385269	33
ELF4	9606.ENSP00000311280	2
ELK4	9606.ENSP00000350681	3
ELMOD3	9606.ENSP00000386248	0
ENPP1	9606.ENSP00000498074	13
ENSP00000496315	9606.ENSP00000496315	0
ENTR1	9606.ENSP00000349929	2
EPB41L5	9606.ENSP00000263713	2
EPB42	9606.ENSP00000497777	4
EPHB1	9606.ENSP00000381097	8
EPHB2	9606.ENSP00000383053	16
EPHB6	9606.ENSP00000481994	9
EPS15	9606.ENSP00000360798	18
ERBB4	9606.ENSP00000342235	27
ERMAP	9606.ENSP00000361595	3
ETFA	9606.ENSP00000452762	20
EVL	9606.ENSP00000376652	3
EVX1	9606.ENSP00000419266	0
EVX2	9606.ENSP00000312385	1
EXT2	9606.ENSP00000379032	5
F13A1	9606.ENSP00000264870	5
FAM135B	9606.ENSP00000378710	1
FAM166C	9606.ENSP00000332875	1
FAM171A1	9606.ENSP00000367356	1
FAM20C	9606.ENSP00000322323	12
FAM71F1	9606.ENSP00000326652	0
FAM78B	9606.ENSP00000346404	0
FAM83C	9606.ENSP00000363529	0
FAM83E	9606.ENSP00000263266	0
FANCI	9606.ENSP00000310842	18
FAT2	9606.ENSP00000261800	6
FAT3	9606.ENSP00000432586	5
FBF1	9606.ENSP00000490726	4
FBH1	9606.ENSP00000369335	15
FBLN1	9606.ENSP00000331544	15
FBLN2	9606.ENSP00000384169	10
FBN1	9606.ENSP00000325527	17
FBN3	9606.ENSP00000270509	3
FBXL19	9606.ENSP00000369666	7
FBXL6	9606.ENSP00000330098	3
FBXO16	9606.ENSP00000369604	2
FBXO21	9606.ENSP00000328187	3
FBXW7	9606.ENSP00000474725	41
FCER2	9606.ENSP00000264072	4
FCGBP	9606.ENSP00000481056	2
FCHO1	9606.ENSP00000473001	6
FCHO2	9606.ENSP00000393776	9
FCN1	9606.ENSP00000360871	9
FEZ1	9606.ENSP00000497070	7
FHIT	9606.ENSP00000418582	15
FILIP1	9606.ENSP00000237172	3
FKBP7	9606.ENSP00000413152	0
FLI1	9606.ENSP00000433488	10
FLII	9606.ENSP00000324573	8
FLNC	9606.ENSP00000327145	21
FMN2	9606.ENSP00000318884	3
FMO5	9606.ENSP00000254090	3
FREM1	9606.ENSP00000412940	3
FRMD1	9606.ENSP00000283309	3
FRMD3	9606.ENSP00000303508	3
FRMPD3	9606.ENSP00000276185	0
FSTL4	9606.ENSP00000265342	2
G3BP1	9606.ENSP00000377681	21
G6PC3	9606.ENSP00000269097	9
GABARAP	9606.ENSP00000306866	15
GABRA5	9606.ENSP00000382953	11
GABRB3	9606.ENSP00000308725	8
GAGE2E	9606.ENSP00000478568	14
GALE	9606.ENSP00000483375	6
GALNS	9606.ENSP00000268695	4
GALNT10	9606.ENSP00000297107	5
GALNT14	9606.ENSP00000314500	4
GALNT17	9606.ENSP00000329654	4
GATB	9606.ENSP00000263985	8
GDPD4	9606.ENSP00000320815	0
GGA2	9606.ENSP00000311962	6
GGACT	9606.ENSP00000365426	0
GGN	9606.ENSP00000334940	0
GGTLC2	9606.ENSP00000415676	1
GIGYF2	9606.ENSP00000387170	10
GLIS1	9606.ENSP00000309653	0
GLP1R	9606.ENSP00000362353	9
GNA12	9606.ENSP00000275364	12
GNAQ	9606.ENSP00000286548	29
GNAT3	9606.ENSP00000381339	10
GNL2	9606.ENSP00000362153	22
GNPAT	9606.ENSP00000355607	10
GNS	9606.ENSP00000258145	4
GOLGA1	9606.ENSP00000362656	5
GOLGA6L9	9606.ENSP00000481078	2
GOLGA8B	9606.ENSP00000343064	1
GOLGA8F	9606.ENSP00000454322	0
GOLGA8K	9606.ENSP00000426691	1
GOLT1A	9606.ENSP00000308535	5
GPAT2	9606.ENSP00000389395	3
GPATCH11	9606.ENSP00000386772	3
GPC2	9606.ENSP00000292377	4
GPR107	9606.ENSP00000361483	4
GPRC5C	9606.ENSP00000499092	2
GRAMD1C	9606.ENSP00000350881	1
GRAP2	9606.ENSP00000339186	15
GRHL2	9606.ENSP00000495564	2
GRIK4	9606.ENSP00000435648	8
GRIPAP1	9606.ENSP00000365606	8
GSN	9606.ENSP00000362924	25
GSTT2B	9606.ENSP00000290765	6
GTF2A1L	9606.ENSP00000384597	5
GTF2F1	9606.ENSP00000377969	16
GTF2IRD1	9606.ENSP00000397566	1
GUCY1A2	9606.ENSP00000282249	6
GYPA	9606.ENSP00000354003	13
H1-10	9606.ENSP00000329662	1
H1-4	9606.ENSP00000307705	3
H2BC5	9606.ENSP00000289316	38
HAL	9606.ENSP00000261208	4
HAUS2	9606.ENSP00000260372	5
HAVCR1	9606.ENSP00000487363	6
HBP1	9606.ENSP00000222574	2
HCFC1	9606.ENSP00000309555	18
HCK	9606.ENSP00000365012	21
HDAC11	9606.ENSP00000295757	10
HDAC3	9606.ENSP00000302967	34
HDAC5	9606.ENSP00000225983	19
HDAC8	9606.ENSP00000362674	15
HDGFL3	9606.ENSP00000299633	1
HDHD5	9606.ENSP00000337358	1
HEATR4	9606.ENSP00000450444	2
HEATR5B	9606.ENSP00000233099	2
HECTD4	9606.ENSP00000366783	2
HECW2	9606.ENSP00000260983	2
HEY1	9606.ENSP00000338272	8
HK1	9606.ENSP00000494664	8
HKDC1	9606.ENSP00000346643	5
HLA-B	9606.ENSP00000399168	28
HLA-C	9606.ENSP00000365402	23
HLA-DRB1	9606.ENSP00000353099	31
HLA-DRB5	9606.ENSP00000364114	20
HLTF	9606.ENSP00000308944	13
HMGCL	9606.ENSP00000363614	17
HNF1A	9606.ENSP00000438804	7
HORMAD2	9606.ENSP00000385055	8
HPS4	9606.ENSP00000381213	4
HSD17B10	9606.ENSP00000168216	11
HSPA13	9606.ENSP00000285667	7
HSPG2	9606.ENSP00000363827	23
HYDIN	9606.ENSP00000377197	13
IARS1	9606.ENSP00000364794	11
ID1	9606.ENSP00000365280	5
IFI16	9606.ENSP00000357113	13
IFI6	9606.ENSP00000342513	3
IFITM10	9606.ENSP00000344430	1
IKBIP	9606.ENSP00000299157	2
IKBKE	9606.ENSP00000464030	11
IL11	9606.ENSP00000264563	9
IL16	9606.ENSP00000302935	8
IL1RAPL2	9606.ENSP00000361663	2
IL27	9606.ENSP00000349365	3
IL2RB	9606.ENSP00000216223	24
IMPA2	9606.ENSP00000269159	3
INAFM1	9606.ENSP00000447679	1
INPP5K	9606.ENSP00000413937	7
INTS3	9606.ENSP00000318641	4
INTS6L	9606.ENSP00000491427	2
IQCE	9606.ENSP00000480715	0
IQGAP1	9606.ENSP00000268182	31
IQGAP2	9606.ENSP00000274364	9
IRGQ	9606.ENSP00000387535	1
IRS1	9606.ENSP00000304895	37
ITGA10	9606.ENSP00000358310	15
ITGAD	9606.ENSP00000373854	4
ITGAE	9606.ENSP00000263087	13
ITGAL	9606.ENSP00000349252	18
ITGAM	9606.ENSP00000496959	42
ITIH4	9606.ENSP00000266041	10
ITIH5	9606.ENSP00000380333	0
ITPR2	9606.ENSP00000370744	16
ITPR3	9606.ENSP00000363435	22
ITPRID1	9606.ENSP00000395835	1
ITSN2	9606.ENSP00000347244	24
IZUMO1	9606.ENSP00000327786	1
JAZF1	9606.ENSP00000283928	9
JKAMP	9606.ENSP00000450749	2
JMJD1C	9606.ENSP00000382204	5
JMY	9606.ENSP00000379441	5
KALRN	9606.ENSP00000240874	11
KANSL1L	9606.ENSP00000281772	4
KAT2B	9606.ENSP00000263754	39
KATNB1	9606.ENSP00000368982	1
KCNH3	9606.ENSP00000257981	9
KCNIP1	9606.ENSP00000414886	4
KCNIP4	9606.ENSP00000371587	3
KCNJ13	9606.ENSP00000233826	5
KCNJ6	9606.ENSP00000477437	3
KCNK1	9606.ENSP00000355580	3
KCNK16	9606.ENSP00000391498	4
KCNK17	9606.ENSP00000362328	3
KCNQ2	9606.ENSP00000352035	26
KCNQ3	9606.ENSP00000373648	20
KCTD8	9606.ENSP00000353129	0
KDM4C	9606.ENSP00000370710	8
KDM5C	9606.ENSP00000364550	31
KIAA0355	9606.ENSP00000299505	3
KIAA0513	9606.ENSP00000457408	4
KIAA1109	9606.ENSP00000264501	3
KIAA1257	9606.ENSP00000265068	3
KIAA1671	9606.ENSP00000351207	3
KIF11	9606.ENSP00000260731	29
KIF24	9606.ENSP00000384433	2
KIF25	9606.ENSP00000496229	8
KIFC3	9606.ENSP00000442008	11
KIR2DL3	9606.ENSP00000342215	10
KIR3DL1	9606.ENSP00000375608	13
KIRREL2	9606.ENSP00000353331	1
KISS1	9606.ENSP00000356162	7
KITLG	9606.ENSP00000495951	16
KLC2	9606.ENSP00000399403	11
KLC4	9606.ENSP00000259708	10
KLHL18	9606.ENSP00000232766	5
KLRD1	9606.ENSP00000338130	22
KMT2B	9606.ENSP00000398837	17
KMT2D	9606.ENSP00000301067	38
KNL1	9606.ENSP00000335463	12
KRT3	9606.ENSP00000413479	2
KRT6A	9606.ENSP00000369317	7
KRT75	9606.ENSP00000252245	3
KRT9	9606.ENSP00000246662	2
KRTAP10-6	9606.ENSP00000383219	0
L1CAM	9606.ENSP00000359077	21
L3HYPDH	9606.ENSP00000247194	1
L3MBTL3	9606.ENSP00000357118	1
LAMB3	9606.ENSP00000375778	10
LAMC2	9606.ENSP00000264144	10
LAMTOR2	9606.ENSP00000357288	10
LENG8	9606.ENSP00000318374	3
LGALS14	9606.ENSP00000353893	0
LGR5	9606.ENSP00000266674	10
LHCGR	9606.ENSP00000294954	10
LHFPL2	9606.ENSP00000369702	3
LHFPL4	9606.ENSP00000287585	1
LHX9	9606.ENSP00000356357	7
LIFR	9606.ENSP00000398368	8
LILRA5	9606.ENSP00000404236	4
LILRA6	9606.ENSP00000379651	8
LILRB3	9606.ENSP00000245620	11
LIMD1	9606.ENSP00000273317	10
LIMK2	9606.ENSP00000339916	2
LIMS2	9606.ENSP00000326888	1
LLGL1	9606.ENSP00000321537	3
LMO3	9606.ENSP00000442786	2
LPA	9606.ENSP00000321334	13
LPCAT1	9606.ENSP00000283415	8
LPCAT2	9606.ENSP00000262134	7
LPIN1	9606.ENSP00000397908	12
LPIN3	9606.ENSP00000487971	6
LRFN3	9606.ENSP00000246529	4
LRMDA	9606.ENSP00000480240	5
LRPPRC	9606.ENSP00000260665	19
LRRC57	9606.ENSP00000326817	0
LRRFIP2	9606.ENSP00000338727	2
LRRN4	9606.ENSP00000368135	0
LRTM1	9606.ENSP00000273286	0
LSAMP	9606.ENSP00000419000	3
LSR	9606.ENSP00000480821	7
LSS	9606.ENSP00000380837	2
LST1	9606.ENSP00000365261	7
LY6G6C	9606.ENSP00000364978	2
LY6G6D	9606.ENSP00000364985	9
LYPLA2	9606.ENSP00000363638	2
MAN2C1	9606.ENSP00000457788	5
MAP2K3	9606.ENSP00000345083	7
MAP3K15	9606.ENSP00000345629	0
MAP3K2	9606.ENSP00000387246	5
MAP4K2	9606.ENSP00000294066	5
MAP7D1	9606.ENSP00000362244	3
MARK4	9606.ENSP00000262891	4
MAT1A	9606.ENSP00000361287	9
MBD5	9606.ENSP00000386049	5
MCF2L	9606.ENSP00000440374	2
MCRS1	9606.ENSP00000349640	10
MCTP2	9606.ENSP00000350377	3
MDGA1	9606.ENSP00000402584	1
MED13L	9606.ENSP00000281928	11
MED14	9606.ENSP00000323720	29
MED25	9606.ENSP00000326767	11
MEN1	9606.ENSP00000337088	33
MEP1A	9606.ENSP00000230588	1
METAP1D	9606.ENSP00000315152	9
MFSD10	9606.ENSP00000332646	3
MGAM	9606.ENSP00000447378	13
MGST1	9606.ENSP00000379512	5
MICAL2	9606.ENSP00000256194	1
MICALL1	9606.ENSP00000215957	7
MMP21	9606.ENSP00000357798	1
MMS19	9606.ENSP00000359818	6
MMUT	9606.ENSP00000274813	5
MOB3B	9606.ENSP00000262244	0
MOCS1	9606.ENSP00000344794	7
MORF4L1	9606.ENSP00000331310	19
MPIG6B	9606.ENSP00000497720	4
MREG	9606.ENSP00000263268	0
MRPL18	9606.ENSP00000356001	8
MRPL2	9606.ENSP00000373404	39
MRPL28	9606.ENSP00000497004	9
MRPL4	9606.ENSP00000306902	39
MRPS18C	9606.ENSP00000295491	17
MRPS22	9606.ENSP00000418008	13
MRPS23	9606.ENSP00000320184	10
MS4A4A	9606.ENSP00000338648	6
MSH5	9606.ENSP00000364855	10
MT-ATP6	9606.ENSP00000354632	29
MT-ATP8	9606.ENSP00000355265	12
MT-CO1	9606.ENSP00000354499	25
MT-CO2	9606.ENSP00000354876	23
MT-CO3	9606.ENSP00000354982	19
MT-ND1	9606.ENSP00000354687	27
MT-ND2	9606.ENSP00000355046	23
MT-ND3	9606.ENSP00000355206	24
MT-ND4	9606.ENSP00000354961	28
MT-ND4L	9606.ENSP00000354728	17
MTF1	9606.ENSP00000362127	2
MTIF2	9606.ENSP00000263629	30
MTRNR2L12	9606.ENSP00000468991	0
MUC15	9606.ENSP00000431983	8
MUC17	9606.ENSP00000302716	13
MUC3A	9606.ENSP00000368771	9
MUC4	9606.ENSP00000417498	11
MXD3	9606.ENSP00000401867	3
MYBBP1A	9606.ENSP00000370968	17
MYH13	9606.ENSP00000404570	9
MYH3	9606.ENSP00000464317	11
MYH7B	9606.ENSP00000483640	8
MYH9	9606.ENSP00000216181	33
MYO18A	9606.ENSP00000437073	9
MYO18B	9606.ENSP00000386096	8
MYO19	9606.ENSP00000479518	1
MYO1G	9606.ENSP00000258787	2
MYO7A	9606.ENSP00000386331	9
MYO7B	9606.ENSP00000415090	2
MYOD1	9606.ENSP00000250003	15
MYOM2	9606.ENSP00000262113	12
MYOM3	9606.ENSP00000363557	3
MYRF	9606.ENSP00000278836	3
MYT1	9606.ENSP00000498616	1
NAB1	9606.ENSP00000336894	1
NAT10	9606.ENSP00000257829	24
NAT16	9606.ENSP00000300303	2
NBAS	9606.ENSP00000281513	8
NBPF10	9606.ENSP00000463957	0
NCAM1	9606.ENSP00000480132	40
NCBP1	9606.ENSP00000364289	24
NCR3	9606.ENSP00000342156	15
NCSTN	9606.ENSP00000294785	12
NDUFA10	9606.ENSP00000252711	16
NDUFA11	9606.ENSP00000389160	17
NDUFB2	9606.ENSP00000419087	11
NEB	9606.ENSP00000484342	10
NEIL1	9606.ENSP00000347170	4
NFIA	9606.ENSP00000360231	1
NFKBIA	9606.ENSP00000216797	34
NKAP	9606.ENSP00000360464	9
NKTR	9606.ENSP00000232978	15
NOD2	9606.ENSP00000300589	16
NOP14	9606.ENSP00000405068	22
NOS1AP	9606.ENSP00000355133	9
NOS3	9606.ENSP00000297494	18
NPHP1	9606.ENSP00000313169	5
NPHS1	9606.ENSP00000368190	13
NPY	9606.ENSP00000384364	13
NR1H3	9606.ENSP00000477707	13
NRCAM	9606.ENSP00000368314	16
NRG3	9606.ENSP00000361214	2
NSD1	9606.ENSP00000395929	19
NSMCE4A	9606.ENSP00000358019	4
NTM	9606.ENSP00000396722	5
NUDT10	9606.ENSP00000365174	2
NUP214	9606.ENSP00000352400	20
NXF1	9606.ENSP00000436679	18
NXF3	9606.ENSP00000378504	4
OBSCN	9606.ENSP00000455507	19
OGA	9606.ENSP00000354850	7
OIP5	9606.ENSP00000220514	10
OLFM2	9606.ENSP00000264833	1
OPCML	9606.ENSP00000330862	11
OR13C5	9606.ENSP00000363911	1
OR4C11	9606.ENSP00000492971	0
OR4N2	9606.ENSP00000493327	1
ORAI3	9606.ENSP00000322249	5
ORC1	9606.ENSP00000360623	15
OVOL2	9606.ENSP00000278780	2
OXR1	9606.ENSP00000405424	1
OXTR	9606.ENSP00000324270	10
PADI2	9606.ENSP00000364635	1
PADI3	9606.ENSP00000364609	0
PADI6	9606.ENSP00000483125	2
PAFAH2	9606.ENSP00000363400	3
PAPLN	9606.ENSP00000345395	1
PARD3B	9606.ENSP00000385848	2
PARP3	9606.ENSP00000381740	3
PCBP3	9606.ENSP00000383168	0
PCCA	9606.ENSP00000365462	9
PCDHA1	9606.ENSP00000420840	4
PCDHA10	9606.ENSP00000304234	11
PCDHA11	9606.ENSP00000381636	8
PCDHA12	9606.ENSP00000381628	5
PCDHA13	9606.ENSP00000289272	2
PCDHA2	9606.ENSP00000431748	5
PCDHA3	9606.ENSP00000429808	9
PCDHA4	9606.ENSP00000435300	6
PCDHA5	9606.ENSP00000436557	2
PCDHA6	9606.ENSP00000433378	5
PCDHA7	9606.ENSP00000436426	10
PCDHA8	9606.ENSP00000434655	8
PCDHA9	9606.ENSP00000436042	5
PCDHAC1	9606.ENSP00000253807	2
PCDHB12	9606.ENSP00000239450	1
PCDHB13	9606.ENSP00000345491	1
PCNT	9606.ENSP00000352572	14
PCNX3	9606.ENSP00000347931	4
PDAP1	9606.ENSP00000222968	0
PDE11A	9606.ENSP00000286063	6
PDE1C	9606.ENSP00000379496	5
PDE4D	9606.ENSP00000345502	17
PDHA1	9606.ENSP00000369134	19
PDX1	9606.ENSP00000370421	3
PEAR1	9606.ENSP00000344465	1
PECR	9606.ENSP00000265322	8
PEX11B	9606.ENSP00000358312	6
PEX5	9606.ENSP00000391601	11
PEX7	9606.ENSP00000315680	5
PFDN1	9606.ENSP00000261813	2
PGAP6	9606.ENSP00000401338	2
PHACTR2	9606.ENSP00000417038	3
PHF23	9606.ENSP00000322579	6
PHGDH	9606.ENSP00000493382	19
PHKA2	9606.ENSP00000369274	1
PHLPP1	9606.ENSP00000262719	4
PIANP	9606.ENSP00000442157	0
PIGB	9606.ENSP00000164305	6
PIGG	9606.ENSP00000415203	5
PIGO	9606.ENSP00000367880	5
PIGS	9606.ENSP00000309430	6
PIK3CB	9606.ENSP00000501150	26
PIK3R6	9606.ENSP00000480157	6
PIN1	9606.ENSP00000247970	8
PIP4P2	9606.ENSP00000285419	2
PIP5K1C	9606.ENSP00000466363	7
PITPNA	9606.ENSP00000316809	3
PJVK	9606.ENSP00000495855	6
PKD2L1	9606.ENSP00000325296	13
PKHD1L1	9606.ENSP00000367655	0
PKP1	9606.ENSP00000263946	8
PLA2R1	9606.ENSP00000283243	2
PLAC9	9606.ENSP00000361337	2
PLB1	9606.ENSP00000330442	7
PLCB4	9606.ENSP00000367762	13
PLCXD3	9606.ENSP00000367032	0
PLEK	9606.ENSP00000234313	34
PLEKHH1	9606.ENSP00000330278	0
PLIN4	9606.ENSP00000488481	2
PLK2	9606.ENSP00000274289	5
PLRG1	9606.ENSP00000424417	10
PLVAP	9606.ENSP00000252590	0
PLXNB1	9606.ENSP00000351338	5
PLXND1	9606.ENSP00000317128	7
PMEL	9606.ENSP00000402758	10
PNISR	9606.ENSP00000496842	9
PNPLA2	9606.ENSP00000337701	16
POC1B	9606.ENSP00000323302	5
POLB	9606.ENSP00000265421	8
POLDIP2	9606.ENSP00000475924	3
POLE	9606.ENSP00000322570	26
POLR1A	9606.ENSP00000263857	31
POM121L1P	9606.ENSP00000481613	1
POU4F1	9606.ENSP00000366413	5
PPARD	9606.ENSP00000310928	18
PPARGC1B	9606.ENSP00000312649	15
PPFIA4	9606.ENSP00000402576	7
PPM1K	9606.ENSP00000477341	2
PPP1R12A	9606.ENSP00000389168	6
PPP1R37	9606.ENSP00000221462	0
PPP2R1A	9606.ENSP00000324804	26
PPP2R5C	9606.ENSP00000412324	10
PPP6C	9606.ENSP00000392147	11
PPT1	9606.ENSP00000493153	7
PRELID1	9606.ENSP00000302114	4
PRIMA1	9606.ENSP00000376848	1
PRKAA2	9606.ENSP00000360290	12
PRKAB2	9606.ENSP00000254101	11
PRKAG1	9606.ENSP00000323867	9
PRKCB	9606.ENSP00000496129	20
PRKCD	9606.ENSP00000331602	18
PRKN	9606.ENSP00000355865	31
PRKRA	9606.ENSP00000318176	7
PRPF18	9606.ENSP00000367835	5
PRR12	9606.ENSP00000394510	1
PRXL2A	9606.ENSP00000482445	1
PSAP	9606.ENSP00000378394	8
PSMF1	9606.ENSP00000338039	15
PSPN	9606.ENSP00000245810	3
PTBP1	9606.ENSP00000349428	17
PTCD3	9606.ENSP00000254630	10
PTGR1	9606.ENSP00000385763	2
PTMA	9606.ENSP00000344547	9
PTPA	9606.ENSP00000377036	3
PTPN1	9606.ENSP00000360683	13
PTPN11	9606.ENSP00000489597	48
PTPN6	9606.ENSP00000391592	28
PTPRA	9606.ENSP00000369756	7
PTPRD	9606.ENSP00000370593	16
PTPRF	9606.ENSP00000353030	8
PTPRT	9606.ENSP00000362294	3
PVRIG	9606.ENSP00000316675	1
PYGO1	9606.ENSP00000302327	7
PYROXD1	9606.ENSP00000240651	1
PZP	9606.ENSP00000261336	0
QRICH2	9606.ENSP00000262765	5
QTRT2	9606.ENSP00000420682	2
R3HDM1	9606.ENSP00000387010	2
RAB10	9606.ENSP00000264710	10
RAB11FIP4	9606.ENSP00000482620	0
RAB1B	9606.ENSP00000310226	11
RAB24	9606.ENSP00000304376	6
RAB3D	9606.ENSP00000222120	4
RAB3GAP1	9606.ENSP00000411418	9
RAB4A	9606.ENSP00000355651	14
RAB6B	9606.ENSP00000285208	8
RAP1GDS1	9606.ENSP00000340454	3
RAPGEF1	9606.ENSP00000361264	11
RASAL1	9606.ENSP00000450244	11
RASAL2	9606.ENSP00000356621	7
RASIP1	9606.ENSP00000222145	2
RASSF2	9606.ENSP00000368710	3
RBAK-RBAKDN	9606.ENSP00000380112	0
RBFOX2	9606.ENSP00000413035	11
RBM10	9606.ENSP00000328848	12
RBM5	9606.ENSP00000343054	13
RBM6	9606.ENSP00000266022	4
RBMS1	9606.ENSP00000294904	5
RBMY1J	9606.ENSP00000250831	1
RBPMS	9606.ENSP00000340176	9
RBX1	9606.ENSP00000216225	47
RC3H2	9606.ENSP00000362774	10
RCAN2	9606.ENSP00000360425	0
RCAN3	9606.ENSP00000363516	2
RCC1	9606.ENSP00000497402	12
RCC2	9606.ENSP00000364585	3
RENBP	9606.ENSP00000377303	3
RFX1	9606.ENSP00000254325	3
RFX2	9606.ENSP00000306335	1
RGS9	9606.ENSP00000262406	2
RGSL1	9606.ENSP00000457748	3
RHEX	9606.ENSP00000356093	1
RIBC1	9606.ENSP00000364476	6
RIIAD1	9606.ENSP00000419249	0
RIMS2	9606.ENSP00000427018	7
RIPK4	9606.ENSP00000332454	9
RIPOR2	9606.ENSP00000259698	5
RNF152	9606.ENSP00000316628	2
RNF17	9606.ENSP00000255324	4
ROBO3	9606.ENSP00000380903	11
ROR2	9606.ENSP00000364860	3
RORA	9606.ENSP00000261523	4
RPA1	9606.ENSP00000254719	20
RPA2	9606.ENSP00000363017	18
RPL10	9606.ENSP00000413436	25
RPL23	9606.ENSP00000420311	46
RPL31	9606.ENSP00000386717	27
RPL7L1	9606.ENSP00000418221	24
RPP38	9606.ENSP00000478982	30
RPS27A	9606.ENSP00000272317	98
RPS6	9606.ENSP00000369757	47
RPS6KA1	9606.ENSP00000435412	10
RPS9	9606.ENSP00000375632	43
RPTOR	9606.ENSP00000307272	25
RRP9	9606.ENSP00000232888	17
RSPO1	9606.ENSP00000348944	9
RTEL1	9606.ENSP00000353332	15
RYR1	9606.ENSP00000352608	30
RYR2	9606.ENSP00000355533	26
RYR3	9606.ENSP00000489262	15
S100A7A	9606.ENSP00000357718	1
SAA2-SAA4	9606.ENSP00000485552	7
SALL1	9606.ENSP00000251020	1
SARDH	9606.ENSP00000360938	9
SAV1	9606.ENSP00000324729	8
SBF1	9606.ENSP00000370196	5
SCAF8	9606.ENSP00000413098	7
SCAMP5	9606.ENSP00000355387	4
SCN1A	9606.ENSP00000303540	23
SCN1B	9606.ENSP00000396915	18
SCOC	9606.ENSP00000477352	3
SCRIB	9606.ENSP00000349486	15
SEC16B	9606.ENSP00000308339	11
SEC23A	9606.ENSP00000306881	9
SEC24D	9606.ENSP00000280551	12
SEC31A	9606.ENSP00000378721	14
SEL1L	9606.ENSP00000337053	8
SEL1L2	9606.ENSP00000367312	2
SELENOS	9606.ENSP00000381282	10
SEMA3G	9606.ENSP00000231721	3
SERHL2	9606.ENSP00000331376	0
SERPINA7	9606.ENSP00000329374	1
SERPINA9	9606.ENSP00000337133	0
SFTPD	9606.ENSP00000361366	4
SGF29	9606.ENSP00000316114	8
SH3D21	9606.ENSP00000421294	1
SH3GLB1	9606.ENSP00000479919	5
SH3PXD2A	9606.ENSP00000348215	5
SH3TC1	9606.ENSP00000245105	1
SHCBP1	9606.ENSP00000306473	7
SIN3A	9606.ENSP00000378402	31
SIPA1	9606.ENSP00000377771	5
SLC12A3	9606.ENSP00000402152	5
SLC13A3	9606.ENSP00000279027	2
SLC15A2	9606.ENSP00000417085	6
SLC17A6	9606.ENSP00000263160	9
SLC1A1	9606.ENSP00000262352	7
SLC25A23	9606.ENSP00000301454	5
SLC25A41	9606.ENSP00000322649	5
SLC26A8	9606.ENSP00000347778	3
SLC27A1	9606.ENSP00000252595	13
SLC27A3	9606.ENSP00000271857	1
SLC27A4	9606.ENSP00000300456	5
SLC28A3	9606.ENSP00000365413	2
SLC2A11	9606.ENSP00000483038	1
SLC2A6	9606.ENSP00000360966	4
SLC2A9	9606.ENSP00000264784	5
SLC37A2	9606.ENSP00000311833	0
SLC45A2	9606.ENSP00000296589	7
SLC47A2	9606.ENSP00000326671	4
SLC4A4	9606.ENSP00000393557	10
SLC52A2	9606.ENSP00000496184	1
SLC66A3	9606.ENSP00000295083	0
SLC6A11	9606.ENSP00000254488	3
SLC6A12	9606.ENSP00000399136	3
SLC6A2	9606.ENSP00000219833	7
SLC7A14	9606.ENSP00000231706	2
SLC7A7	9606.ENSP00000380666	3
SLC8A1	9606.ENSP00000384763	9
SLC8A2	9606.ENSP00000236877	9
SLC8A3	9606.ENSP00000370669	3
SLC9A7	9606.ENSP00000480916	3
SLC9C1	9606.ENSP00000306627	1
SLCO1B1	9606.ENSP00000256958	10
SLF1	9606.ENSP00000265140	7
SMARCA4	9606.ENSP00000343896	41
SMARCB1	9606.ENSP00000340883	29
SMC1A	9606.ENSP00000323421	28
SMCHD1	9606.ENSP00000326603	5
SMPD4	9606.ENSP00000386531	5
SMS	9606.ENSP00000385746	2
SMURF1	9606.ENSP00000354621	4
SMYD1	9606.ENSP00000393453	9
SMYD3	9606.ENSP00000419184	10
SNAP23	9606.ENSP00000249647	14
SNAPC1	9606.ENSP00000216294	3
SNRPA1	9606.ENSP00000254193	16
SNRPD3	9606.ENSP00000215829	15
SNRPE	9606.ENSP00000400591	22
SOCS7	9606.ENSP00000499750	5
SOD2	9606.ENSP00000446252	31
SORCS2	9606.ENSP00000422185	4
SPANXN3	9606.ENSP00000359534	1
SPATA21	9606.ENSP00000335612	0
SPATA6L	9606.ENSP00000417063	1
SPIDR	9606.ENSP00000297423	2
SPINK5	9606.ENSP00000352936	1
SPIRE1	9606.ENSP00000387266	4
SPOCK1	9606.ENSP00000378401	3
SPRED3	9606.ENSP00000345405	6
SPTBN4	9606.ENSP00000469242	12
SRP72	9606.ENSP00000495128	6
SRPK2	9606.ENSP00000377262	5
SRRM5	9606.ENSP00000476253	0
SRSF11	9606.ENSP00000359988	13
SS18	9606.ENSP00000414516	9
SSBP3	9606.ENSP00000360371	4
SSX5	9606.ENSP00000312415	1
ST8SIA2	9606.ENSP00000268164	3
STAG2	9606.ENSP00000218089	20
STAG3	9606.ENSP00000477973	9
STAM	9606.ENSP00000366746	10
STAMBPL1	9606.ENSP00000360992	4
STARD3	9606.ENSP00000337446	4
STAT6	9606.ENSP00000300134	19
STK26	9606.ENSP00000377867	3
STK32A	9606.ENSP00000381535	0
STON1-GTF2A1L	9606.ENSP00000378236	5
STPG4	9606.ENSP00000408527	2
STRIP1	9606.ENSP00000358810	7
STX12	9606.ENSP00000363054	10
SULT1A2	9606.ENSP00000378992	5
SULT2B1	9606.ENSP00000201586	7
SUZ12	9606.ENSP00000316578	30
SVBP	9606.ENSP00000361599	2
SVOP	9606.ENSP00000479104	1
SYN1	9606.ENSP00000295987	19
SYN3	9606.ENSP00000351614	9
SYNDIG1L	9606.ENSP00000331474	1
SYNE1	9606.ENSP00000356224	23
SZT2	9606.ENSP00000457168	3
TACC2	9606.ENSP00000358001	3
TAF5	9606.ENSP00000358854	11
TAFA3	9606.ENSP00000358644	0
TAFA4	9606.ENSP00000295569	0
TANC1	9606.ENSP00000263635	5
TAX1BP1	9606.ENSP00000379612	10
TBATA	9606.ENSP00000400224	1
TBC1D14	9606.ENSP00000386921	0
TBC1D3B	9606.ENSP00000478473	1
TBC1D8	9606.ENSP00000386856	1
TBC1D9	9606.ENSP00000411197	2
TBCEL	9606.ENSP00000403925	1
TBXAS1	9606.ENSP00000389414	6
TCAP	9606.ENSP00000312624	16
TCF7L2	9606.ENSP00000486891	22
TDP1	9606.ENSP00000337353	5
TDRD5	9606.ENSP00000406052	4
TDRD7	9606.ENSP00000347444	3
TENM1	9606.ENSP00000403954	1
TENM2	9606.ENSP00000427874	0
TEX13A	9606.ENSP00000471604	3
TEX261	9606.ENSP00000272438	0
TGFB2	9606.ENSP00000355896	17
THOC5	9606.ENSP00000420306	14
THRAP3	9606.ENSP00000346634	16
TIAM1	9606.ENSP00000286827	16
TIGAR	9606.ENSP00000179259	5
TIMD4	9606.ENSP00000274532	7
TIMP3	9606.ENSP00000266085	20
TJP2	9606.ENSP00000438262	8
TK2	9606.ENSP00000299697	10
TLE4	9606.ENSP00000365720	10
TLN1	9606.ENSP00000316029	33
TM6SF1	9606.ENSP00000317000	0
TM6SF2	9606.ENSP00000374014	2
TMC6	9606.ENSP00000465261	4
TMC8	9606.ENSP00000325561	1
TMEM139	9606.ENSP00000352284	0
TMEM161A	9606.ENSP00000162044	0
TMEM179	9606.ENSP00000450958	1
TMEM181	9606.ENSP00000356057	2
TMEM199	9606.ENSP00000292114	1
TMEM205	9606.ENSP00000346954	2
TMEM223	9606.ENSP00000303987	1
TMEM249	9606.ENSP00000454468	7
TMEM258	9606.ENSP00000443216	1
TMEM262	9606.ENSP00000432459	8
TMEM45A	9606.ENSP00000385089	0
TMEM62	9606.ENSP00000260403	0
TMEM87A	9606.ENSP00000374484	1
TMEM8B	9606.ENSP00000367230	0
TMEM92	9606.ENSP00000300433	0
TMOD2	9606.ENSP00000249700	8
TNFAIP1	9606.ENSP00000226225	4
TNFRSF10A	9606.ENSP00000221132	9
TNFRSF1B	9606.ENSP00000365435	12
TNIK	9606.ENSP00000399511	8
TNKS	9606.ENSP00000311579	7
TNR	9606.ENSP00000356646	4
TNRC6B	9606.ENSP00000401946	14
TNS1	9606.ENSP00000171887	4
TNXB	9606.ENSP00000407685	10
TOP3B	9606.ENSP00000381773	9
TOX2	9606.ENSP00000344724	1
TPCN1	9606.ENSP00000448083	6
TRABD2B	9606.ENSP00000476820	0
TRAF3IP2	9606.ENSP00000345984	5
TRHDE	9606.ENSP00000261180	0
TRPM7	9606.ENSP00000495860	12
TRPM8	9606.ENSP00000323926	10
TRPV3	9606.ENSP00000301365	6
TRPV4	9606.ENSP00000406191	17
TSPEAR	9606.ENSP00000321987	4
TSPOAP1	9606.ENSP00000345824	5
TTC7A	9606.ENSP00000378320	0
TTN	9606.ENSP00000467141	31
TUBB2A	9606.ENSP00000369703	16
TUBB8	9606.ENSP00000456206	5
TVP23C	9606.ENSP00000225576	1
TVP23C-CDRT4	9606.ENSP00000429865	1
TYW1	9606.ENSP00000352645	6
UACA	9606.ENSP00000314556	4
UBAP2L	9606.ENSP00000389445	14
UBASH3A	9606.ENSP00000317327	4
UBQLN4	9606.ENSP00000357292	20
UBTF	9606.ENSP00000302640	10
UNC5B	9606.ENSP00000334329	3
UNC80	9606.ENSP00000391088	4
URGCP	9606.ENSP00000396918	0
URGCP-MRPS24	9606.ENSP00000473871	0
USF2	9606.ENSP00000222305	2
USP17L15	9606.ENSP00000483519	2
USP17L17	9606.ENSP00000422621	2
USP17L18	9606.ENSP00000423503	3
USP32	9606.ENSP00000300896	1
USP42	9606.ENSP00000301962	1
USP8	9606.ENSP00000379721	9
UTP20	9606.ENSP00000261637	15
VIPAS39	9606.ENSP00000452181	5
VIPR2	9606.ENSP00000262178	4
VLDLR	9606.ENSP00000371532	14
VMAC	9606.ENSP00000343348	0
VMP1	9606.ENSP00000262291	4
VPS13C	9606.ENSP00000493560	4
VPS13D	9606.ENSP00000478104	2
VPS33B	9606.ENSP00000327650	11
VPS50	9606.ENSP00000307666	4
VPS8	9606.ENSP00000487164	4
VRK2	9606.ENSP00000408002	2
WASF2	9606.ENSP00000483313	17
WASHC2A	9606.ENSP00000282633	0
WDFY4	9606.ENSP00000320563	5
WDR27	9606.ENSP00000416289	2
WDR4	9606.ENSP00000381266	13
WDR5	9606.ENSP00000351446	34
WDR75	9606.ENSP00000314193	15
WDR87	9606.ENSP00000405012	2
WDTC1	9606.ENSP00000317971	6
WNK2	9606.ENSP00000297954	3
WNT7A	9606.ENSP00000285018	7
WSCD1	9606.ENSP00000460825	0
WT1	9606.ENSP00000368370	30
WWC1	9606.ENSP00000427772	6
XAGE3	9606.ENSP00000303061	1
XKR4	9606.ENSP00000328326	1
XKR7	9606.ENSP00000477059	0
XKR9	9606.ENSP00000386141	1
YME1L1	9606.ENSP00000318480	17
YRDC	9606.ENSP00000362135	6
ZAN	9606.ENSP00000480750	2
ZBTB16	9606.ENSP00000338157	10
ZBTB4	9606.ENSP00000307858	3
ZFAND3	9606.ENSP00000287218	1
ZFPL1	9606.ENSP00000294258	1
ZFR	9606.ENSP00000265069	4
ZGRF1	9606.ENSP00000424737	0
ZMYND19	9606.ENSP00000298585	2
ZMYND8	9606.ENSP00000439800	5
ZNF135	9606.ENSP00000441410	0
ZNF154	9606.ENSP00000421258	1
ZNF267	9606.ENSP00000300870	0
ZNF341	9606.ENSP00000364346	1
ZNF395	9606.ENSP00000340494	9
ZNF451	9606.ENSP00000359740	4
ZNF536	9606.ENSP00000347730	1
ZNF551	9606.ENSP00000282296	0
ZNF552	9606.ENSP00000375582	0
ZNF555	9606.ENSP00000334853	0
ZNF576	9606.ENSP00000337852	1
ZNF586	9606.ENSP00000379458	0
ZNF587B	9606.ENSP00000392410	0
ZNF595	9606.ENSP00000477392	0
ZNF600	9606.ENSP00000344791	0
ZNF626	9606.ENSP00000469958	0
ZNF638	9606.ENSP00000386433	5
ZNF66	9606.ENSP00000461425	0
ZNF699	9606.ENSP00000467723	1
ZNF7	9606.ENSP00000393260	0
ZNF717	9606.ENSP00000419377	2
ZNF721	9606.ENSP00000428878	1
ZNF8	9606.ENSP00000477716	2
ZSWIM5	9606.ENSP00000352614	1
